NAME,F1,F2,F3,F4
data/Example.wav,445.3781247138977,1642.2462463378906,2478.6531925201416,3761.37638092041